Top pages,Clicks,Impressions,CTR,Position
https://www.auto-cleanse.co.uk/,104,2396,4.34%,24.7
https://auto-cleanse.co.uk/,85,1437,5.92%,4.51
https://www.auto-cleanse.co.uk/bmw-320d-remap,46,4775,0.96%,7.69
https://www.auto-cleanse.co.uk/adblue-repair-devon,25,423,5.91%,8.22
https://www.auto-cleanse.co.uk/ecu-remapping-torquay,21,1090,1.93%,20.4
https://www.auto-cleanse.co.uk/mercedes-e220-remap,16,827,1.93%,6.49
https://www.auto-cleanse.co.uk/ecu-remapping-plymouth,14,1046,1.34%,14.17
https://www.auto-cleanse.co.uk/ecu-remapping-exeter,13,1076,1.21%,15.1
https://www.auto-cleanse.co.uk/dpf-cleaning-exeter,11,637,1.73%,19.95
https://www.auto-cleanse.co.uk/dpf-cleaning-plymouth,10,474,2.11%,20.96
https://www.auto-cleanse.co.uk/ecu-remapping-newton-abbot,10,297,3.37%,18.49
https://www.auto-cleanse.co.uk/ecu-remapping-torbay,9,276,3.26%,28.39
https://www.auto-cleanse.co.uk/pricing,8,952,0.84%,33.13
https://www.auto-cleanse.co.uk/ecu-remapping,8,438,1.83%,19.87
https://www.auto-cleanse.co.uk/blog/adblue-no-start-countdown-sprinter,8,406,1.97%,7.28
https://www.auto-cleanse.co.uk/blog/blocked-dpf-ford-transit-custom,8,309,2.59%,6.25
https://www.auto-cleanse.co.uk/vw-transporter-remap,6,884,0.68%,13.59
https://www.auto-cleanse.co.uk/bmw-330d-remap,6,463,1.3%,8.15
https://www.auto-cleanse.co.uk/blog/bmw-m140i-stage-1-remap,6,337,1.78%,8.75
https://www.auto-cleanse.co.uk/dpf-cleaning,6,323,1.86%,25.55
https://www.auto-cleanse.co.uk/dpf-cleaning-torquay,5,489,1.02%,23.36
https://www.auto-cleanse.co.uk/blog/temperature-data-and-failed-dpf-regeneration,4,522,0.77%,6.08
https://www.auto-cleanse.co.uk/blog/after-a-dpf-clean-resets-and-checks,4,259,1.54%,9.52
https://www.auto-cleanse.co.uk/bmw-m340i-remap,4,243,1.65%,7.35
https://www.auto-cleanse.co.uk/dpf-cleaning-near-me,4,90,4.44%,33.98
https://auto-cleanse.co.uk/postal-dpf,3,253,1.19%,8.86
https://www.auto-cleanse.co.uk/blog/why-dpf-blocks-again-after-regeneration,3,247,1.21%,11.18
https://www.auto-cleanse.co.uk/ecu-remapping-barnstaple,3,195,1.54%,20.62
https://www.auto-cleanse.co.uk/ecu-cloning,3,113,2.65%,22.32
https://www.auto-cleanse.co.uk/ecu-remapping-east-devon,3,108,2.78%,15.28
https://www.auto-cleanse.co.uk/ecu-remapping-south-hams,3,76,3.95%,18.88
https://www.auto-cleanse.co.uk/blog/dpf-warning-lights-explained,2,459,0.44%,12.81
https://www.auto-cleanse.co.uk/ecu-remapping-totnes,2,223,0.9%,19.43
https://www.auto-cleanse.co.uk/nissan-qashqai-remap,2,218,0.92%,8.11
https://www.auto-cleanse.co.uk/vw-golf-gtd-remap,2,202,0.99%,7.82
https://www.auto-cleanse.co.uk/ecu-remapping-north-devon,2,141,1.42%,22.23
https://www.auto-cleanse.co.uk/blog/what-changes-during-a-stage-1-remap,2,140,1.43%,19.73
https://www.auto-cleanse.co.uk/ecu-remapping-ivybridge,2,137,1.46%,28.87
https://www.auto-cleanse.co.uk/ecu-remapping-paignton,2,100,2%,21.85
https://www.auto-cleanse.co.uk/skoda-octavia-remap,2,60,3.33%,10.28
https://www.auto-cleanse.co.uk/stage-1-remaps-devon,2,47,4.26%,10.09
https://www.auto-cleanse.co.uk/vehicle-performance-lookup,2,26,7.69%,8.35
https://www.auto-cleanse.co.uk/dpf-cleaning-kingsbridge,2,20,10%,18.1
https://www.auto-cleanse.co.uk/contact,1,373,0.27%,17.22
https://www.auto-cleanse.co.uk/blog/what-happens-during-off-vehicle-dpf-cleaning,1,160,0.62%,51.61
https://www.auto-cleanse.co.uk/blocked-dpf-cleaning-devon,1,157,0.64%,7.75
https://auto-cleanse.co.uk/bmw-330d-remap,1,119,0.84%,8.03
https://www.auto-cleanse.co.uk/blog/five-checks-before-condemning-a-dpf,1,98,1.02%,15.98
https://www.auto-cleanse.co.uk/vauxhall-corsa-remap,1,94,1.06%,7.71
https://www.auto-cleanse.co.uk/mobile-ecu-remapping-devon,1,94,1.06%,28.91
https://www.auto-cleanse.co.uk/blog/dpf-pressure-sensor-and-pipe-faults,1,68,1.47%,7.72
https://www.auto-cleanse.co.uk/trade-file-service,1,68,1.47%,10.5
https://www.auto-cleanse.co.uk/dacia-duster-remap,1,61,1.64%,6.41
https://www.auto-cleanse.co.uk/blog/injector-and-fuelling-faults-behind-excess-soot,1,61,1.64%,8.07
https://auto-cleanse.co.uk/bmw-m340i-remap,1,58,1.72%,8.81
https://www.auto-cleanse.co.uk/peugeot-3008-remap,1,50,2%,6.94
https://www.auto-cleanse.co.uk/ford-transit-remap,1,49,2.04%,9.35
https://www.auto-cleanse.co.uk/blog/turbo-and-boost-faults-behind-dpf-problems,1,47,2.13%,12.74
https://www.auto-cleanse.co.uk/blog/why-we-back-up-the-original-ecu-file,1,42,2.38%,5.57
https://www.auto-cleanse.co.uk/dpf-cleaning-south-hams,1,35,2.86%,15.26
https://auto-cleanse.co.uk/ecu-remapping-okehampton,1,22,4.55%,4.23
https://www.auto-cleanse.co.uk/dpf-cleaning-teignmouth,1,12,8.33%,35
https://www.auto-cleanse.co.uk/dpf-cleaning-exmouth,1,3,33.33%,4.67
https://www.auto-cleanse.co.uk/about,0,298,0%,12.5
https://www.auto-cleanse.co.uk/dpf-cleaning-newton-abbot,0,239,0%,28.91
https://www.auto-cleanse.co.uk/dpf-cleaning-devon,0,138,0%,14.93
https://www.auto-cleanse.co.uk/blog/adblue-crystallisation-and-dosing-faults,0,133,0%,7.67
https://www.auto-cleanse.co.uk/blog/short-journeys-driving-style-and-dpf-health,0,125,0%,9.01
https://www.auto-cleanse.co.uk/blog/engine-oil-ash-and-dpf-service-life,0,122,0%,7.81
https://www.auto-cleanse.co.uk/dpf-diagnostics-devon,0,91,0%,7.63
https://www.auto-cleanse.co.uk/blog/stage-1-versus-stage-2-remap,0,88,0%,10.36
https://www.auto-cleanse.co.uk/seat-ibiza-remap,0,84,0%,7.82
https://www.auto-cleanse.co.uk/blog/peak-power-versus-usable-torque,0,81,0%,8.95
https://www.auto-cleanse.co.uk/audi-s4-remap,0,78,0%,6.77
https://www.auto-cleanse.co.uk/audi-a5-remap,0,75,0%,8.47
https://www.auto-cleanse.co.uk/dpf-cleaning-brixham,0,74,0%,46.55
https://auto-cleanse.co.uk/bmw-320d-remap,0,69,0%,9.61
https://www.auto-cleanse.co.uk/why-clean,0,66,0%,10.23
https://www.auto-cleanse.co.uk/blog/economy-remaps-and-realistic-fuel-savings,0,66,0%,29.12
https://www.auto-cleanse.co.uk/blog/nox-sensor-faults-on-scr-systems,0,59,0%,11.24
https://www.auto-cleanse.co.uk/dpf-cleaning-paignton,0,58,0%,6.57
https://www.auto-cleanse.co.uk/blog/engine-torque-gearbox-limits-and-stage-1-calibration,0,58,0%,9.34
https://auto-cleanse.co.uk/ford-ranger-remap,0,56,0%,8.71
https://www.auto-cleanse.co.uk/audi-q5-remap,0,47,0%,10.96
https://www.auto-cleanse.co.uk/blog/remapping-a-high-mileage-vehicle,0,46,0%,9
https://auto-cleanse.co.uk/nissan-qashqai-remap,0,41,0%,7.78
https://auto-cleanse.co.uk/mercedes-e220-remap,0,37,0%,6.3
https://www.auto-cleanse.co.uk/bmw-m140i-remap,0,35,0%,8.06
https://www.auto-cleanse.co.uk/how-it-works,0,34,0%,6.59
https://www.auto-cleanse.co.uk/maintenance,0,34,0%,31.71
https://www.auto-cleanse.co.uk/ford-ranger-remap,0,31,0%,10.13
https://www.auto-cleanse.co.uk/blog/understanding-dpf-differential-pressure,0,28,0%,7.29
https://auto-cleanse.co.uk/bmw-m140i-remap,0,27,0%,10.3
https://www.auto-cleanse.co.uk/blog/remapping-and-your-insurance,0,26,0%,17.96
https://www.auto-cleanse.co.uk/remapping-booking,0,26,0%,22.92
https://www.auto-cleanse.co.uk/blog/how-adblue-and-scr-systems-work,0,22,0%,10.5
https://www.auto-cleanse.co.uk/blog/diesel-versus-petrol-remapping,0,21,0%,6.57
https://www.auto-cleanse.co.uk/blog/dpf-removal-and-the-law,0,20,0%,7.3
https://www.auto-cleanse.co.uk/blog/when-does-a-dpf-need-off-vehicle-cleaning,0,18,0%,32.67
https://www.auto-cleanse.co.uk/dpf-cleaning-totnes,0,17,0%,9.94
https://auto-cleanse.co.uk/skoda-octavia-remap,0,16,0%,10.44
https://auto-cleanse.co.uk/audi-q5-remap,0,15,0%,8.13
https://www.auto-cleanse.co.uk/ecu-remapping-okehampton,0,13,0%,5.31
https://www.auto-cleanse.co.uk/blog/why-vehicle-condition-matters-before-a-remap,0,12,0%,8.5
https://www.auto-cleanse.co.uk/blog/van-and-commercial-remapping,0,12,0%,30.33
https://www.auto-cleanse.co.uk/privacy,0,9,0%,5.56
https://auto-cleanse.co.uk/peugeot-3008-remap,0,9,0%,6.44
https://auto-cleanse.co.uk/seat-ibiza-remap,0,9,0%,8.56
https://auto-cleanse.co.uk/dacia-duster-remap,0,8,0%,8.38
https://www.auto-cleanse.co.uk/ecu-remapping-teignmouth,0,6,0%,5.5
https://auto-cleanse.co.uk/ecu-remapping-teignmouth,0,4,0%,6.5
https://auto-cleanse.co.uk/dpf-cleaning-torquay,0,4,0%,7.25
https://www.auto-cleanse.co.uk/vauxhall-astra-remap,0,4,0%,7.25
https://auto-cleanse.co.uk/mercedes-glc63-remap,0,4,0%,9.25
https://auto-cleanse.co.uk/vw-transporter-remap,0,4,0%,21.75
https://www.auto-cleanse.co.uk/postal-dpf,0,3,0%,4.33
https://www.auto-cleanse.co.uk/services,0,3,0%,4.33
https://www.auto-cleanse.co.uk/mercedes-glc63-remap,0,3,0%,5.67
https://auto-cleanse.co.uk/ecu-remapping-dartmouth,0,3,0%,7
https://www.auto-cleanse.co.uk/dpf-cleaning-dawlish,0,3,0%,8.67
https://auto-cleanse.co.uk/vauxhall-corsa-remap,0,3,0%,10.33
https://auto-cleanse.co.uk/dpf-cleaning-totnes,0,2,0%,3
https://auto-cleanse.co.uk/how-it-works,0,2,0%,5.5
https://auto-cleanse.co.uk/vauxhall-astra-remap,0,2,0%,7.5
https://auto-cleanse.co.uk/ecu-remapping-salcombe,0,1,0%,4
https://auto-cleanse.co.uk/ecu-remapping-ivybridge,0,1,0%,8
https://www.auto-cleanse.co.uk/ecu-remapping-salcombe,0,1,0%,8
https://www.auto-cleanse.co.uk/ecu-remapping-dartmouth,0,1,0%,10
https://www.auto-cleanse.co.uk/dpf-cleaning-ivybridge,0,1,0%,54