Top queries,Clicks,Impressions,CTR,Position
auto cleanse,14,143,9.79%,18.15
autocleanse,12,109,11.01%,3.52
dpf cleaning near me,7,312,2.24%,8.48
remapping near me,4,32,12.5%,6.19
dpf cleaning plymouth,3,48,6.25%,13.75
bmw 320d remap,2,444,0.45%,11.69
320d remap,2,53,3.77%,8.77
engine cleaning near me,2,2,100%,1.5
mobile dpf cleaning near me,1,39,2.56%,5.33
320d stage 1,1,35,2.86%,8
b47 stage 1,1,30,3.33%,6.73
dpf specialist near me,1,15,6.67%,7.07
dpf delete near me,1,14,7.14%,7.36
dpf cleaning prices uk,1,14,7.14%,14.93
dpf doctor near me,1,12,8.33%,7.33
dpf specialist,1,10,10%,8.9
dpf cleaning near me mobile,1,9,11.11%,6.78
ecu remapping near me,1,8,12.5%,5
off car dpf cleaning near me,1,8,12.5%,7.75
professional dpf cleaning near me,1,7,14.29%,3
vehicle remapping near me,1,7,14.29%,4.57
yes please,1,7,14.29%,7.14
320d f30 remap,1,7,14.29%,9.57
mobile car remapping near me,1,6,16.67%,12.67
auto cleanse totnes,1,5,20%,1
ecu repairs near me,1,5,20%,8.4
m140i remap,1,5,20%,8.4
e220d tuning,1,4,25%,6
dpf off car cleaning near me,1,4,25%,6.25
van remapping near me,1,4,25%,6.5
adblue repair near me,1,3,33.33%,2.67
dartington garage,1,3,33.33%,3
dpf removal and remap price near me,1,3,33.33%,3.67
car engine clean near me,1,2,50%,2
mobile remap near me,1,2,50%,2
auto body touch up paint near me,1,1,100%,1
car paint buffing near me,1,1,100%,1
car radiator cleaning near me,1,1,100%,1
find a local garage,1,1,100%,2
vehicle air conditioning specialist near me,1,1,100%,2
vehicle air conditioning specialists near me,1,1,100%,2
car tuning garage near me,1,1,100%,3
car underbody steam cleaning near me,1,1,100%,3
south west,1,1,100%,7
car fuel tank cleaning service near me,1,1,100%,13
ac regas,1,1,100%,17
dpf cleaning prices near me,0,99,0%,33.43
vw t5 remap,0,98,0%,33.19
dpf cleaning prices,0,97,0%,27.99
exhaust repairs in torquay,0,87,0%,55.03
dpf cleaning cost,0,86,0%,39.02
dpf cleaning near portsmouth cost,0,83,0%,47.18
dpf cleaning,0,68,0%,65.5
dpf cleaning swindon,0,56,0%,61.98
remap south hayling,0,54,0%,10.93
dpf cleaning aylesbury,0,53,0%,55.04
remapping exeter,0,49,0%,15.24
how much to clean dpf filter,0,46,0%,55.91
dpf cleaning exeter,0,44,0%,10.98
remapping plymouth,0,43,0%,19.98
vw t5 remap cost,0,42,0%,26.57
dpf cleaning milton keynes,0,42,0%,64.67
remap plymouth,0,41,0%,18.51
dpf cleaning price,0,41,0%,27.83
dpf symbol,0,39,0%,11.64
remaps plymouth,0,38,0%,19.34
blocked dpf symptoms,0,37,0%,9.57
dpf cleaning cost uk,0,36,0%,30.17
bmw 320d remap stage 1,0,35,0%,6.83
dpf cleaning wolverton,0,35,0%,78.83
dpf diagnostics,0,34,0%,30.29
ecu cloning,0,34,0%,55.79
dpf removal price,0,34,0%,61.32
bmw 320d stage 1,0,33,0%,8.79
remap exeter,0,30,0%,13.77
dpf cleaning bletchley,0,30,0%,53.87
plymouth tuning remapping,0,29,0%,19.31
detox car service,0,29,0%,34.34
dpf indicator lamp,0,27,0%,10.37
stage 1 remap,0,25,0%,24.76
dpf clean price,0,25,0%,41.64
bmw f30 320d remap,0,24,0%,7.71
dpf cleaner near me,0,24,0%,8.38
ecu remapping foulness island,0,24,0%,23.21
remapping devon,0,23,0%,12.17
dpf cleaning in lyme regis,0,23,0%,81.7
auto cleaner,0,22,0%,19.73
dpf clean,0,22,0%,61.14
stage 1 remap near me,0,21,0%,7.1
f30 320d remap,0,20,0%,9.85
dpf faults,0,20,0%,11.7
dpf repairs wrabness,0,20,0%,86.45
bmw 320d stage 1 remap bhp,0,19,0%,8.26
stage 1,0,19,0%,8.53
dpf clean near me,0,19,0%,11.79
dpf cleaning high wycombe,0,19,0%,57.84
bmw b47 stage 1,0,18,0%,7.67
vw transporter remap,0,18,0%,23.22
diesel remap devon,0,17,0%,7
dpf cleaning devon,0,16,0%,6.94
bmw m140i remap,0,16,0%,10.81
auto clean,0,16,0%,11.19
volkswagen engine remapping fleet,0,16,0%,15.75
adblue repair service,0,16,0%,44.25
ecu remapping stapleford abbotts,0,15,0%,8.13
dpf cleaning service newton,0,15,0%,12.6
dpf cleaning stapleford abbotts,0,15,0%,39
economy remap,0,14,0%,42.5
dpf cleaning newport pagnell,0,14,0%,73.5
vehicle remapping specialist chadwell st mary,0,13,0%,40
dpf repairs hutton,0,13,0%,57
320d b47 stage 1,0,12,0%,5.83
adblue delete near me,0,12,0%,6.75
dpf removal near me,0,12,0%,7.33
remap near me,0,12,0%,8.83
car remapping near me,0,12,0%,9.25
ford focus dpf cleaning near me southampton,0,12,0%,57.75
dpf filter cleaning cost,0,12,0%,58.17
e220d remap,0,11,0%,5
stage 1 remap cost near me,0,11,0%,6.18
stage 1 bmw 320d,0,11,0%,6.45
bmw g20 320d stage 1,0,11,0%,7.27
car tuning near me,0,11,0%,7.82
m140i stage 1,0,11,0%,11.82
transporter tuning,0,11,0%,26
diesel particulate filter warning light,0,11,0%,26.27
cost of dpf cleaning,0,11,0%,37.64
opf cleaning services,0,11,0%,40.64
dpf clean cost,0,11,0%,43.64
cheap dpf cleaning near portsmouth,0,11,0%,63.36
car tuning cleland,0,11,0%,76.55
e220d stage 1,0,10,0%,6.7
car remapping quote exeter,0,10,0%,10.3
transporter remap,0,10,0%,27.7
economy remap near me,0,10,0%,27.8
check engine light dpf,0,10,0%,31
dpf removal and remap near me,0,10,0%,43.6
dpf repairs liston,0,10,0%,61.7
dpf flush,0,10,0%,73
bmw f30 320d stage 1,0,9,0%,4.22
catalytic converter cleaning near me,0,9,0%,4.56
dpf cleaning service,0,9,0%,5.11
bmw 320d stage 1 remap,0,9,0%,6.56
remapping thornton,0,9,0%,6.89
stage 1 320d,0,9,0%,8.33
g20 320d stage 1,0,9,0%,8.67
peak torque meaning,0,9,0%,10.67
car remapping stapleford abbotts,0,9,0%,18.56
how much does a dpf clean cost,0,9,0%,48.11
dpf cleaning amersham,0,9,0%,50.67
dpf regeneration cost,0,9,0%,51.33
dpf repairs brentwood,0,9,0%,52.11
dpf cleaning lichfield,0,9,0%,58.78
vehicle remapping specialist wrabness,0,9,0%,79.11
dpf refurbishment,0,8,0%,1.62
mobile remapping near me,0,8,0%,4.5
dpf,0,8,0%,4.62
dpf cleaning vs replacement,0,8,0%,7.38
dpf cleaning service near me,0,8,0%,8.38
remap bmw 320d,0,8,0%,11.88
320d tuning,0,8,0%,16.75
car remapping exeter,0,8,0%,18
car remapping foulness island,0,8,0%,24.88
dpf cleaning and remaps,0,8,0%,37.25
dpf delete inverness,0,8,0%,44
bmw m140i tuning,0,8,0%,53
dpf off,0,8,0%,57.12
dpf cleaning tonbridge,0,8,0%,65
ecu remapping drapers green,0,8,0%,65.38
yes,0,7,0%,7.29
remap,0,7,0%,7.71
dpf flush near me,0,7,0%,9.29
bmw b47 remap,0,7,0%,10.43
bmw m140i stage 1,0,7,0%,12.71
dpf fault,0,7,0%,18.29
stage 1 remaps,0,7,0%,32
car cleanse,0,7,0%,38.43
car respray torbay,0,7,0%,48.57
how much does it cost to clean a dpf filter,0,7,0%,57
how much is a dpf clean,0,7,0%,57.86
ecu remapping wrabness,0,7,0%,69.86
dpf remapping near me,0,6,0%,3.5
professional dpf cleaning,0,6,0%,3.67
car mapping near me,0,6,0%,5.17
best dpf cleaning near me,0,6,0%,6
mileage correction near me,0,6,0%,6.83
bmw 320d g20 stage 1,0,6,0%,8
remapping bmw 320d,0,6,0%,9.17
mobile dpf cleaning near me prices,0,6,0%,10.5
autocleanz,0,6,0%,11.5
dpf filter cleaning near me,0,6,0%,11.5
bmw 320d tuning,0,6,0%,17.17
dpf warning light,0,6,0%,18.83
dpf filter warning light,0,6,0%,28.33
carbon cleaning near me,0,6,0%,30
dpf light,0,6,0%,33.67
ecu repairs plymouth,0,6,0%,44.33
stage 2 remap taunton,0,6,0%,46.33
fuel economy remap,0,6,0%,47.83
car remapping wrabness,0,6,0%,57
dpf regeneration issues,0,6,0%,65.5
dpf cleaning wrabness,0,6,0%,68.17
dpf repairs bocking,0,6,0%,70.17
dpf cleaning woburn sands,0,6,0%,73.67
car remapping liston,0,6,0%,76.83
dpf cleaning abberton,0,5,0%,1
engine cleaning,0,5,0%,1
air con regas near me,0,5,0%,2.2
mobile dpf delete near me,0,5,0%,3.6
limp mode,0,5,0%,5.4
adblue remapping near me,0,5,0%,7.6
dpf service near me,0,5,0%,8.8
ecu remapping thornton,0,5,0%,9
mobile adblue repair near me,0,5,0%,9
does remapping save fuel,0,5,0%,9.4
oil ash mass in dpf,0,5,0%,9.6
stage 1 vs stage 2,0,5,0%,9.6
dpf differential pressure,0,5,0%,10
remaps near me,0,5,0%,10.4
dpf near me,0,5,0%,11.4
dpf cleaning near me prices,0,5,0%,14.6
car remapping plymouth,0,5,0%,16.6
dpf testing,0,5,0%,20
autoclean,0,5,0%,21
plymouth remapping,0,5,0%,21
stage 1 ecu remap,0,5,0%,27.8
dpf assessment,0,5,0%,28.4
what is a stage 1 remap,0,5,0%,28.4
dpf fault codes,0,5,0%,29.8
fuel saving remap,0,5,0%,35.8
does remapping improve mpg,0,5,0%,38.8
economy remapping,0,5,0%,47.8
how much does it cost to clean dpf filter,0,5,0%,49.6
vehicle remapping specialist drapers green,0,5,0%,53.6
engine remapping specialist drapers green,0,5,0%,57
dpf regen cost,0,5,0%,62.2
decarbonization service,0,5,0%,71.2
dpf cleaning stony stratford,0,5,0%,73.2
dpf cleaning cost cleveland,0,5,0%,79.4
dpf cleaning fenny stratford,0,5,0%,80
dpf cleaning meriden,0,5,0%,81.8
car valeting service near me,0,4,0%,1.75
adblue reset near me,0,4,0%,4
ecu remap near me,0,4,0%,5.75
stage one remap near me,0,4,0%,7
van remap near me,0,4,0%,7
dpf oil ash residue,0,4,0%,7.25
motorbike remapping near me,0,4,0%,7.25
dpf mobile cleaning near me,0,4,0%,7.5
bmw 320d stage 1 remap 0-60,0,4,0%,8.5
vw remap exeter,0,4,0%,8.75
difference between stage 1 and stage 2 remap,0,4,0%,9.25
dpf symbols,0,4,0%,10.25
car remap near me,0,4,0%,10.5
diesel dpf cleaning near me,0,4,0%,10.5
dpf repairs matching tye,0,4,0%,10.5
dpf cleaning matching tye,0,4,0%,11
ecu tuning near me,0,4,0%,11.5
diesel tuning near me,0,4,0%,14
vehicle cleaning,0,4,0%,16
remap vw transporter,0,4,0%,19.75
car tuning dalziel,0,4,0%,23.5
ford ranger remap,0,4,0%,25.25
how much is a dpf clean uk,0,4,0%,26.5
exhaust light on dashboard,0,4,0%,30
diesel particulate filter light,0,4,0%,30.25
vehicle remapping specialist liston,0,4,0%,31.25
off car dpf cleaning,0,4,0%,36.75
dpf cleaning inverness,0,4,0%,38.75
car remapping thornton,0,4,0%,39.5
mpg remap,0,4,0%,40
stage one remap,0,4,0%,40
used nissan navara in barnstaple,0,4,0%,44.5
particulate filter cleaning cost,0,4,0%,49.5
how long does dpf cleaning take,0,4,0%,54.25
dpf cleaning hazlemere,0,4,0%,59.25
driveway cleaning totnes,0,4,0%,60.75
blocked dpf,0,4,0%,61.25
dpf cleaning portsmouth,0,4,0%,63.75
dpf cleaning erdington,0,4,0%,65.5
dpf cleaning warwick,0,4,0%,66
septic tank cleaning totnes,0,4,0%,77.25
dpf regeneration services chertsey,0,4,0%,85.75
dpf cleaning foulness island,0,4,0%,96
remapping,0,3,0%,1
car customization near me,0,3,0%,2.33
dpf regeneration near me,0,3,0%,2.33
dpf replacement near me,0,3,0%,2.33
diesel injector service near me,0,3,0%,2.67
diesel,0,3,0%,3
dpf ash cleaning near me,0,3,0%,3
dpf cleaning mobile near me,0,3,0%,3
320d,0,3,0%,3.33
auto,0,3,0%,3.67
mobile remaps near me,0,3,0%,3.67
dpf delete and remap near me,0,3,0%,4
range rover dpf cleaning near me,0,3,0%,4.67
engine remapping near me,0,3,0%,5
dpf solutions near me,0,3,0%,5.33
egr remapping near me,0,3,0%,5.33
oil ash residue,0,3,0%,5.33
car tuners near me,0,3,0%,5.67
dpf deep clean near me,0,3,0%,6
egr and dpf cleaning near me,0,3,0%,6
vw transporter remap near me,0,3,0%,6.33
mobile car tuning near me,0,3,0%,7
dpf cleaning near me within 5 mi,0,3,0%,7.33
mobile ecu remapping near me,0,3,0%,7.33
dpf and egr delete near me,0,3,0%,7.67
f30 320d stage 1,0,3,0%,8
stage 1 vs stage 2 remap,0,3,0%,8
ecu cleaning,0,3,0%,8.33
dpf cleaners near me,0,3,0%,9
car remaps near me,0,3,0%,9.67
dpf symbols and meanings,0,3,0%,9.67
dpf cleaner,0,3,0%,10
mobile dpf cleaning and remaps,0,3,0%,10
f30 320d tuning,0,3,0%,10.33
plymouth ecu,0,3,0%,10.33
dpf cleaning newton,0,3,0%,11.33
diesel tuning specialist near me,0,3,0%,12
stage 2 remap,0,3,0%,13.67
bmw 320d tune,0,3,0%,14.67
ecu remapping liston,0,3,0%,15.67
block dpf,0,3,0%,16.67
bmw 320d stage 2 remap bhp,0,3,0%,16.67
autocleaner,0,3,0%,20
autodetox,0,3,0%,22.33
remap stage 1,0,3,0%,27
how much does dpf cleaning cost,0,3,0%,27.33
ecu doctor plymouth,0,3,0%,28.33
exhaust totnes,0,3,0%,30
stage 1 remapping,0,3,0%,31.33
mobile car remap near me,0,3,0%,32
vw transporter tuning,0,3,0%,32.67
reduced sensors,0,3,0%,36
van remapping,0,3,0%,37.33
adblue diagnostics,0,3,0%,43
car remapping matching tye,0,3,0%,54
how much to clean a dpf filter,0,3,0%,55.33
diesel particulate filter cleaning cost,0,3,0%,56.33
dpf cleaning cornwall,0,3,0%,61
terraclean near me,0,3,0%,61.67
dpf blocked,0,3,0%,68.33
dpf clean cost cleveland,0,3,0%,80
ecu recoding chichester,0,3,0%,88
dpf cleaning shepperton,0,3,0%,96.33
aircon recharge near me,0,2,0%,1
car aircon totnes,0,2,0%,1
car garages near me,0,2,0%,1
dpf removal,0,2,0%,1
egr cleaner near me,0,2,0%,1
fix my exhaust near me,0,2,0%,1
fuel injector testing near me,0,2,0%,1
tuning,0,2,0%,1
air con recharge near me,0,2,0%,1.5
car remapping,0,2,0%,1.5
scr sensor,0,2,0%,1.5
2018,0,2,0%,2
aircon car service near me,0,2,0%,2
aircon refill,0,2,0%,2
carburetor service near me,0,2,0%,2
dpf cleaning machine near me,0,2,0%,2
ja,0,2,0%,2
tuning garages near me,0,2,0%,2
garages with car washes near me,0,2,0%,2.5
gpf cleaning near me,0,2,0%,2.5
mobile car tuning,0,2,0%,2.5
mobile dpf cleaning,0,2,0%,2.5
no limp mode,0,2,0%,3
b47,0,2,0%,4
car engine cleaning service near me,0,2,0%,4
car remapping near me prices,0,2,0%,4
engine block cleaning,0,2,0%,4
exhaust,0,2,0%,4
diesel remapping near me,0,2,0%,4.5
dpf remap near me,0,2,0%,4.5
map my car near me,0,2,0%,4.5
car,0,2,0%,5
car battery near me,0,2,0%,5
engine bay clean,0,2,0%,5
garages that do dpf cleaning near me,0,2,0%,5
both,0,2,0%,5.5
car engine remapping near me,0,2,0%,5.5
cheapest mobile dpf cleaning near me prices,0,2,0%,5.5
mobile ecu repair near me,0,2,0%,5.5
adblue specialists near me,0,2,0%,6
dpf cleaner mobile near me,0,2,0%,6
mobile engine tuning near me,0,2,0%,6
vw t5 remap near me,0,2,0%,6
2016,0,2,0%,6.5
bmw tuning near me,0,2,0%,7
custom remapping near me,0,2,0%,7
dpf dash symbols,0,2,0%,7
ecu repair near me,0,2,0%,7
plymouth,0,2,0%,7
where can i get my dpf cleaned near me,0,2,0%,7
bmw scr system,0,2,0%,7.5
what is dpf,0,2,0%,7.5
ac regassing near me,0,2,0%,8
bmw f30 320d stage 2,0,2,0%,8
mobile adblue delete near me,0,2,0%,8
particulate filter oil ash mass,0,2,0%,8
stage 1 n47,0,2,0%,8
garages near me,0,2,0%,8.5
how to declare remap on insurance,0,2,0%,8.5
local car remapping,0,2,0%,8.5
stage 1 b47,0,2,0%,8.5
320d stage 3,0,2,0%,9
f30 stage 1,0,2,0%,9
remap my car near me,0,2,0%,9
bmw 320d remap review,0,2,0%,9.5
dpf removal and clean near me,0,2,0%,9.5
dpf warning light symbol,0,2,0%,9.5
dyno remap near me,0,2,0%,9.5
failed dpf regeneration,0,2,0%,9.5
scr inducement warning,0,2,0%,9.5
what is peak torque,0,2,0%,9.5
a382 newton abbot,0,2,0%,10
adblue remap near me,0,2,0%,10
dpf diagnostics near me,0,2,0%,10
dpf error symbol,0,2,0%,10
dpf keeps blocking,0,2,0%,10
dpf oil ash mass,0,2,0%,10
remapping course near me,0,2,0%,10
rolling road remapping near me,0,2,0%,10
stage 2,0,2,0%,10
bmw f30 remap,0,2,0%,10.5
dpf cleaning services near me,0,2,0%,10.5
dpf lamp,0,2,0%,10.5
dpf system,0,2,0%,10.5
320d n47 stage 1,0,2,0%,11
engine bay restoration,0,2,0%,11
stage 1 remap meaning,0,2,0%,11
what does a dpf warning light look like,0,2,0%,11
dpf fixer near me,0,2,0%,11.5
dpf warning lights,0,2,0%,11.5
diesel particulate filter cleaning near me,0,2,0%,12
dpf mobile mechanic,0,2,0%,12
dpf warning lamp,0,2,0%,12
ecu reprogramming near me,0,2,0%,12
ecu specialist near me,0,2,0%,12
jw remaps,0,2,0%,12
car tuning,0,2,0%,12.5
air compressor car cleaning,0,2,0%,13
car repairs near me,0,2,0%,13
dpf pressure sensor,0,2,0%,13
dpf repair,0,2,0%,13
b47 remap,0,2,0%,13.5
adblue dosing malfunction,0,2,0%,14.5
how much ash can a dpf hold,0,2,0%,17
adblue repair,0,2,0%,17.5
dpf cleaning service leece,0,2,0%,18
dpf cleaning warning light,0,2,0%,18.5
totnes industrial estate,0,2,0%,20
ecu remapping matching tye,0,2,0%,21
inside car cleaning,0,2,0%,21
n47 remap,0,2,0%,21
vacuum car wash,0,2,0%,21
bmw 320d chip tuning,0,2,0%,21.5
southwest remapping,0,2,0%,23
what is stage 1 remap,0,2,0%,23.5
dpf full meaning,0,2,0%,26
how much does dpf cleaning cost uk,0,2,0%,28
dpf pressure sensor reset,0,2,0%,32.5
scr system fault,0,2,0%,34
cost to clean dpf,0,2,0%,34.5
dpf cleaner cost,0,2,0%,35
plymouth tuning,0,2,0%,35
stage 1 remap benefits,0,2,0%,35
car stage 1 remap,0,2,0%,36
car tuning plymouth,0,2,0%,38
dpf problem,0,2,0%,38.5
how much does it cost to clean out dpf?,0,2,0%,38.5
audi q5 tuning,0,2,0%,40.5
dpf cleaning cost near me,0,2,0%,40.5
van remaps,0,2,0%,43
dpf filter cleaning prices,0,2,0%,46
power remap inverness,0,2,0%,50
engine tuning plymouth,0,2,0%,51
cheapest mobile dpf cleaning prices,0,2,0%,54
does remap affect insurance,0,2,0%,60.5
dpf cleaning buckinghamshire,0,2,0%,60.5
car dpf cleaning,0,2,0%,63.5
what is dpf reset,0,2,0%,67
dpf reset meaning,0,2,0%,75
dpf cleaning blackburn,0,2,0%,75.5
dpf repairs foulness island,0,2,0%,94.5
dpf cleaning roosebeck,0,2,0%,98.5
dpf repairs shenfield,0,2,0%,99
136000,0,1,0%,1
2004,0,1,0%,1
335d tuning,0,1,0%,1
ad blue delete near me,0,1,0%,1
aftermarket sensor,0,1,0%,1
air con regas,0,1,0%,1
any garages open today near me,0,1,0%,1
auto repair shop,0,1,0%,1
b47 engine,0,1,0%,1
bmw 2b0b,0,1,0%,1
bmw 316d engine,0,1,0%,1
bmw 318d f30,0,1,0%,1
bmw 320d engine,0,1,0%,1
bmw f30 malaysia,0,1,0%,1
bmw g20 320d stage 2,0,1,0%,1
bmw g30 530d stage 1,0,1,0%,1
bmw stage 1 remap cost,0,1,0%,1
book a car service near me,0,1,0%,1
car air conditioning regas near me,0,1,0%,1
car cleaning,0,1,0%,1
car detailing,0,1,0%,1
car ice blasting near me,0,1,0%,1
car maintenance,0,1,0%,1
car performance upgrades,0,1,0%,1
car repair devon,0,1,0%,1
car shampoo,0,1,0%,1
car shop,0,1,0%,1
car sill repair near me,0,1,0%,1
car tuning services,0,1,0%,1
carbon cleaning,0,1,0%,1
catalytic cleaning near me,0,1,0%,1
cheap air con regas near me,0,1,0%,1
dashboard,0,1,0%,1
devon car service,0,1,0%,1
diesel injector tester near me,0,1,0%,1
diesel pump repair,0,1,0%,1
dpf cleaning chesterfield,0,1,0%,1
dpf garages near me,0,1,0%,1
egr removal near me,0,1,0%,1
egr valve cleaner near me,0,1,0%,1
emissions,0,1,0%,1
exhaust repairs near me open now,0,1,0%,1
f30 1 series,0,1,0%,1
f30 340i stage 1,0,1,0%,1
ford parts near me,0,1,0%,1
glow plug removal specialists near me,0,1,0%,1
headlight scratch repair near me,0,1,0%,1
how much does it cost to stage 1 tune a car,0,1,0%,1
injector testing,0,1,0%,1
injector testing near me,0,1,0%,1
legal,0,1,0%,1
m140 stage 1,0,1,0%,1
mercedes dpf cleaning cost,0,1,0%,1
mercedes eis repair near me,0,1,0%,1
mercedes garage near me,0,1,0%,1
mercedes-benz p200291,0,1,0%,1
motor repairs near me,0,1,0%,1
n47,0,1,0%,1
n47 stage 1,0,1,0%,1
nissan navara dpf replacement cost,0,1,0%,1
obd p24c7,0,1,0%,1
plymouth tyre and auto care,0,1,0%,1
pump service,0,1,0%,1
routine maintenance,0,1,0%,1
scr efficiency,0,1,0%,1
stage 1 m140i,0,1,0%,1
stage 1 tuned,0,1,0%,1
stage2,0,1,0%,1
toyota hilux dpf full visit your dealer,0,1,0%,1
tradefile,0,1,0%,1
und stage 2,0,1,0%,1
vehicle customisation,0,1,0%,1
vehicle service,0,1,0%,1
volvo dpf filter cleaning cost,0,1,0%,1
vw specialist garage,0,1,0%,1
walnut blasting carbon cleaning near me,0,1,0%,1
when does it need changing,0,1,0%,1
who cleans dpf filters near me,0,1,0%,1
why does my anti skid light keep coming on,0,1,0%,1
y donde mas?,0,1,0%,1
კი,0,1,0%,1
110bhp,0,1,0%,2
2015,0,1,0%,2
a stage 1,0,1,0%,2
ac car repair near me,0,1,0%,2
ac service car,0,1,0%,2
ad blue repair,0,1,0%,2
after tune,0,1,0%,2
air cleaners for cars,0,1,0%,2
alternator repair near me,0,1,0%,2
and stage 1?,0,1,0%,2
anti pollution,0,1,0%,2
ash oil,0,1,0%,2
best stage 1 remap near me,0,1,0%,2
bmw 320d touring tuning,0,1,0%,2
bmw e90 320d remap,0,1,0%,2
bmw f30 320d 2014,0,1,0%,2
can i remap it,0,1,0%,2
car airconditioning service near me,0,1,0%,2
car cleaning near me,0,1,0%,2
car cluster repair near me,0,1,0%,2
car dpf meaning,0,1,0%,2
car engine cleaning near me,0,1,0%,2
car is in limp mode,0,1,0%,2
car parts nearby,0,1,0%,2
car rust treatment near me,0,1,0%,2
conditional map,0,1,0%,2
da,0,1,0%,2
diesel injector testing near me,0,1,0%,2
dpf cleaning ltd,0,1,0%,2
dpf i egr off,0,1,0%,2
dpf in cars,0,1,0%,2
dpf regen temp,0,1,0%,2
dpf repair hull,0,1,0%,2
engine remap,0,1,0%,2
está normal,0,1,0%,2
exhause,0,1,0%,2
exhaust repair,0,1,0%,2
f56 jcw tuning,0,1,0%,2
fiat fiorino,0,1,0%,2
ford focus remap near me,0,1,0%,2
garage near me,0,1,0%,2
garage open on saturday near me,0,1,0%,2
how long should adblue last in a car,0,1,0%,2
injector cleaning near me,0,1,0%,2
internal engine cleaning,0,1,0%,2
is a dpf covered under warranty,0,1,0%,2
its from 2018,0,1,0%,2
it’s a manual,0,1,0%,2
it’s an automatic,0,1,0%,2
it’s the same,0,1,0%,2
joo,0,1,0%,2
kontrolka do wypalania dpf,0,1,0%,2
lampica,0,1,0%,2
local exhaust fitters,0,1,0%,2
mit stage 1,0,1,0%,2
mobile egr cleaning near me,0,1,0%,2
north devon,0,1,0%,2
preventative maintenance,0,1,0%,2
que me recomiendas,0,1,0%,2
quotes,0,1,0%,2
remaped,0,1,0%,2
rolling road,0,1,0%,2
services near me,0,1,0%,2
stage 1 f30,0,1,0%,2
stage 1 tune,0,1,0%,2
stage 2 ecu,0,1,0%,2
stage1+,0,1,0%,2
sve,0,1,0%,2
tq11,0,1,0%,2
vehicle service south hams,0,1,0%,2
vitesse max,0,1,0%,2
wat is de limiet?,0,1,0%,2
what about a stage 1 tune,0,1,0%,2
what’s their fees,0,1,0%,2
where to get aircon fixed,0,1,0%,2
who near me,0,1,0%,2
will it change ?,0,1,0%,2
yes stage 1,0,1,0%,2
а если stage 1,0,1,0%,2
давай,0,1,0%,2
максимальная скорость?,0,1,0%,2
ничего нету,0,1,0%,2
でてない,0,1,0%,2
2012,0,1,0%,3
2017 320d,0,1,0%,3
2018 automatic,0,1,0%,3
320,0,1,0%,3
320d stage 2,0,1,0%,3
after stage 1,0,1,0%,3
audi remapping near me,0,1,0%,3
auto soot,0,1,0%,3
automatic,0,1,0%,3
b47 320d,0,1,0%,3
best custom car shops near me,0,1,0%,3
bmw 320d m sport 2018,0,1,0%,3
bmw f30 320d m sport,0,1,0%,3
bmw remapping near me,0,1,0%,3
car modification near me,0,1,0%,3
citroen berlingo van adblue warning light,0,1,0%,3
clean air check,0,1,0%,3
dpf doctor newcastle,0,1,0%,3
ecu tuning uk,0,1,0%,3
engine fault,0,1,0%,3
engine torque,0,1,0%,3
ford remapping near me,0,1,0%,3
fuel economy,0,1,0%,3
how fast will it be,0,1,0%,3
how often should it be changed,0,1,0%,3
how to drive a car fast,0,1,0%,3
is it legal?,0,1,0%,3
land rover remapping near me,0,1,0%,3
limp home mode,0,1,0%,3
mechanics near me,0,1,0%,3
mobile bcm programming near me,0,1,0%,3
mobile ecu repairs near me,0,1,0%,3
no start in,0,1,0%,3
si anche,0,1,0%,3
t32 transporter,0,1,0%,3
t6 transporter years,0,1,0%,3
was ist das,0,1,0%,3
شنو هذة,0,1,0%,3
320d 2012,0,1,0%,4
320d body kit,0,1,0%,4
320d n47 engine,0,1,0%,4
ac refill,0,1,0%,4
adblue specialist,0,1,0%,4
bmw 320d automatic,0,1,0%,4
bmw 320d torque nm,0,1,0%,4
bmw f31 320d tuning,0,1,0%,4
car a/c cleaning,0,1,0%,4
car dyno tuning near me,0,1,0%,4
car repair near me,0,1,0%,4
dpf cleaning specialists,0,1,0%,4
dpf sensor replacement near me,0,1,0%,4
engine torque limitation,0,1,0%,4
engine tuners near me,0,1,0%,4
f30 auto,0,1,0%,4
f31 n47,0,1,0%,4
ford tuning specialist near me,0,1,0%,4
how much would a stage 1 cost,0,1,0%,4
nai,0,1,0%,4
re mapping,0,1,0%,4
stage 1 tuning near me,0,1,0%,4
stage 2 remap near me,0,1,0%,4
stahe 2,0,1,0%,4
t6 campervan,0,1,0%,4
tuning near me car,0,1,0%,4
van,0,1,0%,4
รีแมพ,0,1,0%,4
150hp,0,1,0%,5
320d auto,0,1,0%,5
320d m sport,0,1,0%,5
bmw e90 320d induction kit,0,1,0%,5
bmw n47 stage 1 vs stage 2 remap benefits 320d,0,1,0%,5
bosch diesel particulate filter regeneration short trips,0,1,0%,5
car ecu repair near me,0,1,0%,5
cleaning car engine,0,1,0%,5
companies,0,1,0%,5
compare,0,1,0%,5
digital mileage correction near me,0,1,0%,5
dpf and adblue delete near me,0,1,0%,5
dpf cleaning near me cost,0,1,0%,5
dpf filter replacement near me,0,1,0%,5
e220d,0,1,0%,5
ecu remap,0,1,0%,5
engine bay cleaners,0,1,0%,5
f30 320d,0,1,0%,5
fahrzeugaufbereitung,0,1,0%,5
ford transit custom dpf clogged,0,1,0%,5
i’m in exeter,0,1,0%,5
limp,0,1,0%,5
mail in,0,1,0%,5
mass air flow cleaner near me,0,1,0%,5
mobile,0,1,0%,5
mobile ecu reprogramming near me,0,1,0%,5
que significa ese símbolo,0,1,0%,5
radiator clean,0,1,0%,5
remap service near me,0,1,0%,5
rimappare,0,1,0%,5
stage 1 car tuning near me,0,1,0%,5
tuners near me,0,1,0%,5
vehicle remap near me,0,1,0%,5
volvo v40 2015,0,1,0%,5
vw remapping specialists near me,0,1,0%,5
with manual transmission,0,1,0%,5
yes to both,0,1,0%,5
1.6 motor,0,1,0%,6
auto timing,0,1,0%,6
auto tuning near me,0,1,0%,6
autp,0,1,0%,6
both please,0,1,0%,6
car air,0,1,0%,6
car restoration near me,0,1,0%,6
coolant leak repair,0,1,0%,6
crediton,0,1,0%,6
da zimi,0,1,0%,6
decarbonisation near me,0,1,0%,6
dfc cleaning services,0,1,0%,6
dpf cleaning company,0,1,0%,6
dpf cleaning specialist near me,0,1,0%,6
dpf delete service near me,0,1,0%,6
dpf garage near me,0,1,0%,6
dpf gutting near me,0,1,0%,6
dps cleaning,0,1,0%,6
drop in fuel economy,0,1,0%,6
ecu cleaner,0,1,0%,6
egr dpf delete near me,0,1,0%,6
engine cleaner,0,1,0%,6
f30 b47,0,1,0%,6
ford transit custom,0,1,0%,6
going into limp mode,0,1,0%,6
head gasket repair,0,1,0%,6
honda remapping near me,0,1,0%,6
i co teraz,0,1,0%,6
is it legal to remove dpf in uk,0,1,0%,6
lynton,0,1,0%,6
mobile tuning service,0,1,0%,6
newton abbot,0,1,0%,6
remap car near me,0,1,0%,6
still blocking,0,1,0%,6
the car is not in limp mode,0,1,0%,6
trade file,0,1,0%,6
van tuning near me,0,1,0%,6
bmw g21 320d stage 1,0,1,0%,7
can it be mapped,0,1,0%,7
car air conditioner repair near me,0,1,0%,7
car screen wash,0,1,0%,7
car styling near me,0,1,0%,7
carb clean near me,0,1,0%,7
diesel pump repair near me,0,1,0%,7
diesel specialist near me,0,1,0%,7
dpf sign in car,0,1,0%,7
dyno run near me,0,1,0%,7
egr remap near me,0,1,0%,7
engine clean near me,0,1,0%,7
f30 320d stage 2,0,1,0%,7
local remapping,0,1,0%,7
local remapping service,0,1,0%,7
particulate filter differential pressure,0,1,0%,7
tuning remap,0,1,0%,7
vw transpoter,0,1,0%,7
автомат,0,1,0%,7
140i stage 1,0,1,0%,8
aa diesel particulate filter short journeys dpf regeneration,0,1,0%,8
adblue mapped out near me,0,1,0%,8
aircon regas near me,0,1,0%,8
barnstaple,0,1,0%,8
bmw 140i stage 1,0,1,0%,8
car parts open tomorrow,0,1,0%,8
car repair garages near me,0,1,0%,8
diagnostic check,0,1,0%,8
does stage 1 remap save fuel,0,1,0%,8
dpf delete,0,1,0%,8
dpf gutting service near me,0,1,0%,8
dpf offset for differential pressure,0,1,0%,8
dpf symbol in car,0,1,0%,8
dpf warning light flashing,0,1,0%,8
how to clean dpf pressure sensor,0,1,0%,8
local dpf cleaning,0,1,0%,8
mapping near me,0,1,0%,8
mercedes ecu repair near me,0,1,0%,8
oil ash residue dpf,0,1,0%,8
services near me open now,0,1,0%,8
truck dpf cleaning,0,1,0%,8
tuning options,0,1,0%,8
vehicle air con regas near me,0,1,0%,8
320d g20 stage 1,0,1,0%,9
320d stage 1 bhp,0,1,0%,9
320d tune,0,1,0%,9
ad blue dosing malfunction,0,1,0%,9
audi diagnostics near me,0,1,0%,9
best mobile dpf cleaning near me,0,1,0%,9
car hoover near me,0,1,0%,9
car tuning and remapping near me,0,1,0%,9
diesel particulate filter short journeys regeneration official advice,0,1,0%,9
dpf cleaning cost uk 2026,0,1,0%,9
dpf cleaning service cost,0,1,0%,9
dpf garage,0,1,0%,9
dpf law,0,1,0%,9
dpf readings,0,1,0%,9
ecu lookup,0,1,0%,9
nox sensor behind the scr catalyst,0,1,0%,9
performance,0,1,0%,9
remap centre near me,0,1,0%,9
repair,0,1,0%,9
reset the diesel particulate filter learned values,0,1,0%,9
rolling road near me,0,1,0%,9
scr meaning car,0,1,0%,9
stage 1 remap vs stage 2,0,1,0%,9
volkswagen transporter for sale,0,1,0%,9
2023,0,1,0%,10
can remapping improve fuel economy,0,1,0%,10
car ac specialist near me,0,1,0%,10
car ecu remapping near me,0,1,0%,10
cheapest dpf cleaning near me,0,1,0%,10
cleaning petrol injectors,0,1,0%,10
devon tdi,0,1,0%,10
diesel egr cleaning,0,1,0%,10
diesel tuners near me,0,1,0%,10
dpf icon,0,1,0%,10
dpf mechanic near me,0,1,0%,10
dpf pressure sensor cleaning,0,1,0%,10
dpf warning symbol,0,1,0%,10
how much dpf cleaning cost,0,1,0%,10
in torquay,0,1,0%,10
inhibit regeneration,0,1,0%,10
mobile dpf clean market harborough,0,1,0%,10
mobile ecu programming near me,0,1,0%,10
otta,0,1,0%,10
remap nissan qashqai 2022,0,1,0%,10
remaping,0,1,0%,10
resetting studs,0,1,0%,10
stage 1 ?,0,1,0%,10
stage 2 remap meaning,0,1,0%,10
symptoms of a blocked dpf,0,1,0%,10
yes dpf,0,1,0%,10
340d stage 1,0,1,0%,11
adblue removal near me,0,1,0%,11
bmw 320d f30 stage 1,0,1,0%,11
dashboard lights dpf symbols,0,1,0%,11
df cleaning services,0,1,0%,11
dpf ash removal,0,1,0%,11
dpf cleaning costs,0,1,0%,11
dpf removal legal,0,1,0%,11
dpf symbol meaning,0,1,0%,11
dpf warning,0,1,0%,11
egr and dpf delete near me,0,1,0%,11
garages that do dpf cleaning,0,1,0%,11
how much does it cost for a dpf clean,0,1,0%,11
how to remove adblue crystals,0,1,0%,11
regeneration light symbol,0,1,0%,11
remapping high mileage cars,0,1,0%,11
scr nox kontroll,0,1,0%,11
stage 1 both,0,1,0%,11
tuning garage near me,0,1,0%,11
vehicle air conditioning near me,0,1,0%,11
vw transporter 102 bhp remap,0,1,0%,11
where can i get my dpf cleaned,0,1,0%,11
why does my dpf keep blocking,0,1,0%,11
adblue mechanic near me,0,1,0%,12
adblue specialist near me,0,1,0%,12
best dpf cleaner near me,0,1,0%,12
bmw n47 remap,0,1,0%,12
devon auto scan,0,1,0%,12
engine carbon clean near me,0,1,0%,12
gearbox calibration,0,1,0%,12
intake manifold cleaning near me,0,1,0%,12
regas aircon near me,0,1,0%,12
vw van tuning,0,1,0%,12
με ενδιαφέρουν και τα δυο,0,1,0%,12
dpf clean plymouth,0,1,0%,13
dpf repair near me,0,1,0%,13
hydro foam car wash,0,1,0%,13
re gas my car aircon near me,0,1,0%,13
remap motorcycle near me,0,1,0%,13
dartington car wash,0,1,0%,14
vehicle remapping specialist foulness island,0,1,0%,14
carbon cleaning machine for sale,0,1,0%,15
egr cleaning,0,1,0%,15
engine lighy,0,1,0%,15
mobile dpf doctor near me,0,1,0%,15
oil ash mass in dpf bmw,0,1,0%,15
prices,0,1,0%,15
stage 1 tune cost,0,1,0%,15
car engine steam clean near me,0,1,0%,16
dpf pressure pipe,0,1,0%,16
ecu remapping fryerning,0,1,0%,16
engine power reduced,0,1,0%,16
tuned,0,1,0%,16
diesel particulate filter warning,0,1,0%,17
oil ash volume,0,1,0%,17
rcs tuning barnstaple,0,1,0%,17
what does dpf mean on a car,0,1,0%,17
what is limp mode,0,1,0%,17
egr delete near me,0,1,0%,18
exeter remap,0,1,0%,18
nadzor scr nox,0,1,0%,18
dpf cleaning thornton,0,1,0%,19
ecu remapping east horndon,0,1,0%,19
engine remapping specialist stapleford abbotts,0,1,0%,19
motorcycle mechanic near me,0,1,0%,19
car air con regas near me,0,1,0%,20
remap ford ranger,0,1,0%,20
what ecu is in my car by reg,0,1,0%,20
e90 320d remap,0,1,0%,21
scr nox контрол,0,1,0%,21
fuel drain near me,0,1,0%,22
dpf light on milton keynes,0,1,0%,23
how much does a stage 1 cost,0,1,0%,23
what does dpf system fault mean,0,1,0%,23
audi q5 remap,0,1,0%,24
dpf engine management light,0,1,0%,24
petrol particulate filter warning light,0,1,0%,24
clean automotive,0,1,0%,25
dpf lampje,0,1,0%,25
delete adblue,0,1,0%,26
dpf engine light,0,1,0%,26
dpf regeneration light,0,1,0%,26
particulate warning light,0,1,0%,26
vw transporter remapping,0,1,0%,26
dpf light in car,0,1,0%,27
how long does it take for a dpf to block,0,1,0%,27
m140i stage 1 bhp,0,1,0%,27
bmw f30 320d tuning,0,1,0%,28
diesel particulate filter (dpf) warning,0,1,0%,28
dpf filter symbol,0,1,0%,28
dpf led indicator,0,1,0%,28
dpf light symbol,0,1,0%,28
dpf sign on dashboard,0,1,0%,28
particulate filter warning light,0,1,0%,28
vehicle ac repair near me,0,1,0%,28
audi a5 tuning,0,1,0%,29
bmw dpf warning light,0,1,0%,29
dpf regeneration warning light,0,1,0%,29
ecu testing near me,0,1,0%,29
vw t4 remap,0,1,0%,29
diesel particulate filter sign,0,1,0%,30
dpf car light,0,1,0%,30
e92 320d remap,0,1,0%,30
mercedes dpf warning light,0,1,0%,30
bmw diesel particulate filter warning light,0,1,0%,31
remap devon,0,1,0%,31
stage 1 vs stage 2 tuning,0,1,0%,32
vehicle remapping specialist stapleford abbotts,0,1,0%,32
autofine,0,1,0%,33
dpf issue,0,1,0%,33
what to do when the dpf light comes on,0,1,0%,33
audi dpf light,0,1,0%,34
ecu remapping little maplestead,0,1,0%,34